{"cameraMode":{"drawMode":0,"name":"Shaded","section":"Shading Mode"},"sceneLighting":true,"audioPlay":false,"sceneViewState":{"m_AlwaysRefresh":false,"showFog":true,"showSkybox":true,"showFlares":true,"showImageEffects":true,"showParticleSystems":true,"showVisualEffectGraphs":true,"m_FxEnabled":true},"in2DMode":false,"pivot":{"x":1140.73388671875,"y":873.627685546875,"z":-121.51021575927735},"rotation":{"x":0.3804740905761719,"y":-0.005264219827950001,"z":0.0021524736657738687,"w":0.9247887134552002},"size":670.7816162109375,"orthographic":false}