{"cameraMode":{"drawMode":0,"name":"Shaded","section":"Shading Mode"},"sceneLighting":false,"audioPlay":false,"sceneViewState":{"m_AlwaysRefresh":false,"showFog":true,"showSkybox":false,"showFlares":true,"showImageEffects":true,"showParticleSystems":true,"showVisualEffectGraphs":true,"m_FxEnabled":true},"in2DMode":false,"pivot":{"x":0.07851862907409668,"y":0.09283928573131561,"z":0.3579603135585785},"rotation":{"x":-0.14315025508403779,"y":0.02554587833583355,"z":0.0036858534440398218,"w":0.9893736839294434},"size":0.28558576107025149,"orthographic":false}