{"cameraMode":{"drawMode":0,"name":"Shaded","section":"Shading Mode"},"sceneLighting":false,"audioPlay":false,"sceneViewState":{"m_AlwaysRefresh":false,"showFog":true,"showSkybox":false,"showFlares":true,"showImageEffects":true,"showParticleSystems":true,"showVisualEffectGraphs":true,"m_FxEnabled":true},"in2DMode":false,"pivot":{"x":0.07891161739826203,"y":0.4811580181121826,"z":-1.9452242851257325},"rotation":{"x":-0.003422010224312544,"y":-0.9802579283714294,"z":0.19698303937911988,"w":-0.017047502100467683},"size":2.395707607269287,"orthographic":false}